case,reason,delta_TC,delta_ET,ET_GT_empty,shape_RAS_cropped,slice_TC_GT_z,slice_TC_error_z,slice_ET_z,ET_focus_rule,center_RAS_crop_xyz,GT_WT_voxels,UNet_WT_pred,UNet_WT_TP,UNet_WT_FP,UNet_WT_FN,SegResNet_WT_pred,SegResNet_WT_TP,SegResNet_WT_FP,SegResNet_WT_FN,GT_TC_voxels,UNet_TC_pred,UNet_TC_TP,UNet_TC_FP,UNet_TC_FN,SegResNet_TC_pred,SegResNet_TC_TP,SegResNet_TC_FP,SegResNet_TC_FN,GT_ET_voxels,UNet_ET_pred,UNet_ET_TP,UNet_ET_FP,UNet_ET_FN,SegResNet_ET_pred,SegResNet_ET_TP,SegResNet_ET_FP,SegResNet_ET_FN
BRATS_052.nii.gz,Top TC improvement,0.4144122008538695,-0.01879023955993253,False,133x160x138,59,63,50,GT_ET_max,93x94x60,94177,89481,87377,2104,6800,98485,91705,6780,2472,45895,16693,15269,1424,30626,41924,39621,2303,6274,8726,8849,7854,995,872,9407,7933,1474,793
BRATS_184.nii.gz,Top TC improvement,0.17848790309843404,-0.016358686946577106,False,134x172x139,117,121,120,GT_ET_max,84x116x115,29454,25235,21957,3278,7497,33469,25744,7725,3710,9625,3214,2102,1112,7523,14003,5974,8029,3651,658,351,128,223,530,3604,502,3102,156
BRATS_143.nii.gz,Top TC improvement,0.15756569250743346,0.14960317277223334,False,138x159x131,68,87,86,GT_ET_max,105x80x67,116498,111910,107016,4894,9482,122369,114145,8224,2353,82534,48372,48361,11,34173,68072,67504,568,15030,1430,766,481,285,949,2123,1044,1079,386
BRATS_024.nii.gz,Largest TC decline; ET GT-negative / FP audit,-0.25386969520566594,nan,True,131x167x131,97,108,97,ET_FP_max (GT_empty),54x111x99,30440,39670,29239,10431,1201,44062,29493,14569,947,4487,7333,3640,3693,847,13572,3269,10303,1218,0,3432,0,3432,0,3082,0,3082,0
BRATS_023.nii.gz,Largest TC decline; ET GT-negative / FP audit,-0.15893297460353434,nan,True,145x176x135,84,75,75,ET_FP_max (GT_empty),39x66x82,64107,71352,60055,11297,4052,81033,61753,19280,2354,5522,7364,3933,3431,1589,15621,4773,10848,749,0,391,0,391,0,267,0,267,0
BRATS_413.nii.gz,Largest TC decline,-0.15551983769805555,-0.020195078773539987,False,144x166x141,94,86,94,GT_ET_max,28x48x94,31109,39849,29559,10290,1550,46674,30306,16368,803,4782,5117,4395,722,387,7943,4660,3283,122,4439,3311,3282,29,1157,3360,3224,136,1215
BRATS_036.nii.gz,Largest ET decline,-0.06974446210638086,-0.25433205690232896,False,129x157x129,87,77,89,GT_ET_max,84x116x88,122956,118003,112942,5061,10014,138187,115681,22506,7275,56709,52791,45585,7206,11124,64147,46098,18049,10611,12716,15290,11752,3538,964,24968,11021,13947,1695
BRATS_115.nii.gz,Largest ET decline,0.13341014753033853,-0.15385151620773785,False,139x168x144,52,62,61,GT_ET_max,34x101x53,102471,90662,89393,1269,13078,98480,94803,3677,7668,60854,40210,40167,43,20687,53686,53164,522,7690,344,411,221,190,123,986,287,699,57
BRATS_177.nii.gz,ET GT-negative / FP audit,0.13640098603122433,nan,True,134x167x137,46,48,43,ET_FP_max (GT_empty),126x70x46,12847,10534,8440,2094,4407,13963,9642,4321,3205,94,22,0,22,94,1123,83,1040,11,0,13,0,13,0,373,0,373,0
BRATS_175.nii.gz,ET GT-negative / FP audit,0.05949537339869619,nan,True,134x167x137,58,44,40,ET_FP_max (GT_empty),117x88x52,8478,7225,5886,1339,2592,6995,5996,999,2482,672,46,44,2,628,86,69,17,603,0,0,0,0,0,10,0,10,0
BRATS_339.nii.gz,Near-zero TC delta reference,-9.885050009394991e-05,-0.002357757912735292,False,135x162x136,82,75,79,GT_ET_max,89x52x83,97205,102841,93087,9754,4118,106712,94299,12413,2906,56666,58405,54308,4097,2358,59644,54887,4757,1779,40108,43027,36459,6568,3649,42979,36340,6639,3768
