case,UNet60_Class1,SegResNet60_Class1,Delta_SegResNet_minus_UNet_Class1,UNet60_Class2,SegResNet60_Class2,Delta_SegResNet_minus_UNet_Class2,UNet60_Class3,SegResNet60_Class3,Delta_SegResNet_minus_UNet_Class3,UNet60_WT,SegResNet60_WT,Delta_SegResNet_minus_UNet_WT,UNet60_TC,SegResNet60_TC,Delta_SegResNet_minus_UNet_TC,UNet60_ET,SegResNet60_ET,Delta_SegResNet_minus_UNet_ET,UNet60_RawMean_case,SegResNet60_RawMean_case,Delta_SegResNet_minus_UNet_RawMean_case,UNet60_RegionMean_case,SegResNet60_RegionMean_case,Delta_SegResNet_minus_UNet_RegionMean_case,ET_GT_empty,UNet60_ET_pred_voxels,SegResNet60_ET_pred_voxels
BRATS_332.nii.gz,0.7517969923597538,0.7697091998855473,0.017912207525793478,0.6819304746779601,0.6615957142272931,-0.020334760450666955,0.70872000496042,0.7229214678248538,0.0142014628644338,0.8841837336877595,0.8760070759705424,-0.008176657717217095,0.786955848615783,0.7951397197628354,0.008183871147052324,0.70872000496042,0.7229214678248538,0.0142014628644338,0.7141491573327113,0.7180754606458981,0.003926303313186774,0.7932865290879875,0.7980227545194105,0.004736225431423047,False,22129,24515
BRATS_350.nii.gz,0.5655960805661404,0.6200153178452897,0.054419237279149324,0.7534106616984194,0.7696455202477916,0.016234858549372233,0.8029955677823628,0.7950785270923991,-0.007917040689963684,0.8178866706997379,0.8306257668711656,0.012739096171427766,0.8709801409352979,0.8722111474364086,0.001231006501110743,0.8029955677823628,0.7950785270923991,-0.007917040689963684,0.7073341033489742,0.7282464550618268,0.02091235171285266,0.8306207931391327,0.8326384804666578,0.002017687327525053,False,20673,20143
BRATS_455.nii.gz,0.8921958271131296,0.8570038677778221,-0.0351919593353075,0.3783168722406809,0.2999057825933341,-0.07841108964734678,0.8521007514022648,0.8681130692155212,0.016012317813256405,0.9510655392738264,0.9573513360553018,0.006285796781475339,0.7879599109876688,0.6800299473096862,-0.10792996367798258,0.8521007514022648,0.8681130692155212,0.016012317813256405,0.7075378169186918,0.675007573195559,-0.032530243723132735,0.86370873388792,0.8351647841935032,-0.02854394969441687,False,20798,19829
BRATS_137.nii.gz,0.7573418639686053,0.8003685394851078,0.04302667551650252,0.6097294166854348,0.6387698276131777,0.0290404109277429,0.8927854196808396,0.891248287533242,-0.001537132147597542,0.8985068872974216,0.9304897146836634,0.03198282738624181,0.783693337389717,0.8140046846656452,0.030311347275928213,0.8927854196808396,0.891248287533242,-0.001537132147597542,0.7532855667782933,0.7767955515438425,0.02350998476554922,0.8583285481226595,0.878580895627517,0.020252347504857493,False,22432,25759
BRATS_344.nii.gz,0.627426148721196,0.5801349785261436,-0.04729117019505236,0.7881853256816782,0.8360928392693927,0.0479075135877145,0.8010863661053775,0.8116264056330416,0.010540039527664025,0.9143089310777868,0.8891983783753306,-0.025110552702456213,0.904417186669944,0.9441903019213175,0.0397731152513735,0.8010863661053775,0.8116264056330416,0.010540039527664025,0.7388992801694171,0.7426180744761925,0.0037187943067754636,0.873270827951036,0.8816716953098966,0.008400867358860586,False,32063,34235
BRATS_108.nii.gz,0.8135410484668645,0.8645821804095185,0.05104113194265403,0.2909728308501315,0.36615384615384616,0.07518101530371468,0.5185035389282103,0.5991511781062491,0.08064763917803874,0.8344065311125216,0.8841977490235584,0.0497912179110368,0.6598590207658601,0.7357092170622093,0.07585019629634915,0.5185035389282103,0.5991511781062491,0.08064763917803874,0.5410058060817354,0.6099624015565379,0.06895659547480248,0.670923030268864,0.7396860480640056,0.0687630177951416,False,10279,9110
BRATS_182.nii.gz,0.858753884251034,0.8559228888696452,-0.0028309953813888677,0.7391916204998485,0.7458548790658882,0.006663258566039665,0.9035108388312912,0.8906281499401141,-0.012882688891177163,0.949797418392039,0.9478121454629447,-0.0019852729290943394,0.9295049533035025,0.9183168488393854,-0.01118810446411711,0.9035108388312912,0.8906281499401141,-0.012882688891177163,0.833818781194058,0.8308019726252157,-0.003016808568842233,0.9276044035089442,0.9189190480808147,-0.008685355428129538,False,44687,44134
BRATS_190.nii.gz,0.8585577723204318,0.8551966021631813,-0.0033611701572505703,0.7671966669500893,0.7617004370282082,-0.005496229921881035,0.8695299427006744,0.8663601455133387,-0.0031697971873356767,0.927321585575768,0.9313790887671736,0.00405750319140552,0.9321199415539038,0.9287148284275875,-0.003405113126316306,0.8695299427006744,0.8663601455133387,-0.0031697971873356767,0.8317614606570651,0.827752394901576,-0.004009065755489094,0.9096571566101154,0.9088180209026998,-0.0008391357074155614,False,19487,19629
BRATS_084.nii.gz,0.5505610561056106,0.6331818592193565,0.08262080311374598,0.28975,0.1938947691363706,-0.0958552308636294,0.7025054251331624,0.7217845277645942,0.019279102631431844,0.7966885503117387,0.825686613766084,0.028998063454345302,0.7104421656191421,0.7466869942535476,0.03624482863440548,0.7025054251331624,0.7217845277645942,0.019279102631431844,0.5142721604129243,0.5162870520401072,0.0020148916271828243,0.7365453803546811,0.764719378594742,0.02817399824006095,False,3736,4133
BRATS_187.nii.gz,0.6861839026672906,0.649043326638955,-0.03714057602833554,0.29256239189523103,0.3322024698059438,0.03964007791071278,0.09401709401709402,0.061375661375661375,-0.03264143264143264,0.8039970777250832,0.7983273185541616,-0.005669759170921607,0.30028282828282826,0.34799583550234253,0.04771300721951427,0.09401709401709402,0.061375661375661375,-0.03264143264143264,0.35758779619320524,0.3475404859401867,-0.010047310253018527,0.3994323333416685,0.40256627181072185,0.0031339384690533545,False,126,837
BRATS_326.nii.gz,0.5914001822362998,0.5670339588582604,-0.024366223378039398,0.779912417008052,0.7913776689786481,0.011465251970596113,0.7608232789212207,0.7598687807545107,-0.000954498166710005,0.8813443319765139,0.8508902948629735,-0.030454037113540333,0.873841416474211,0.8776215298824099,0.0037801134081989485,0.7608232789212207,0.7598687807545107,-0.000954498166710005,0.7107119593885242,0.7060934695304731,-0.0046184898580510225,0.8386696757906485,0.829460201833298,-0.0092094739573505,False,8754,8727
BRATS_233.nii.gz,0.6873670900626473,0.6503814822387466,-0.0369856078239007,0.48553274168985977,0.7103330161750714,0.22480027448521162,0.29035113602832696,0.5243568691844553,0.23400573315612838,0.8584343895336202,0.7902899305125218,-0.06814445902109834,0.6078815977175464,0.7461390648352431,0.1382574671176967,0.29035113602832696,0.5243568691844553,0.23400573315612838,0.48775032259361134,0.6283571225327578,0.14060679993914643,0.5855557077598311,0.6869286215107401,0.10137291375090896,False,2874,1312
BRATS_439.nii.gz,0.7097572215080886,0.740470297029703,0.030713075521614397,0.3798338584932684,0.3746756616502335,-0.005158196843034868,0.5471622434654723,0.49419606292541024,-0.052966180540062024,0.8783768461882739,0.922215517756867,0.04383867156859311,0.5676131443416434,0.5167437862355286,-0.050869358106114815,0.5471622434654723,0.49419606292541024,-0.052966180540062024,0.5455844411556098,0.5364473405351157,-0.00913710062049411,0.6643840779984632,0.6443851223059354,-0.019998955692527853,False,20395,25884
BRATS_432.nii.gz,0.88418652434288,0.8798347269082196,-0.004351797434660409,0.702301570230157,0.6684853890142175,-0.033816181215939545,0.8941122157394952,0.8851525835671855,-0.008959632172309662,0.9590245021878615,0.9577214825785092,-0.0013030196093523072,0.9137294641486259,0.9151414513391463,0.0014119871905203807,0.8941122157394952,0.8851525835671855,-0.008959632172309662,0.8268667701041773,0.8111575664965409,-0.01570920360763639,0.9222887273586609,0.9193385058282804,-0.0029502215303804924,False,57041,56487
BRATS_052.nii.gz,0.6675917436875882,0.8350803567170585,0.16748861302947027,0.2795636816030924,0.8563843526676808,0.5768206710645883,0.8937695590327169,0.8749793194727844,-0.01879023955993253,0.9515242923025825,0.9519681933313956,0.00044390102881308735,0.4879210072218317,0.9023332080757012,0.4144122008538695,0.8937695590327169,0.8749793194727844,-0.01879023955993253,0.6136416614411325,0.8554813429525079,0.24183968151137536,0.7777382861857104,0.9097602402932937,0.13202195410758333,False,8849,9407
BRATS_463.nii.gz,0.8924575789559146,0.9193962950192772,0.026938716063362622,0.7719161709933848,0.7414825411964182,-0.03043362979696662,0.9198816733006024,0.9232750689972401,0.0033933956966376577,0.943779590328884,0.9605158120970217,0.016736221768137716,0.9509908425795823,0.9596755972554196,0.008684754675837292,0.9198816733006024,0.9232750689972401,0.0033933956966376577,0.861418474416634,0.8613846350709785,-3.383934565548419e-05,0.9382173687363563,0.9478221594498938,0.009604790713537481,False,30029,30682
BRATS_419.nii.gz,0.9309133906502646,0.9102809413193439,-0.020632449330920677,0.7455177206393329,0.616059018496739,-0.1294587021425938,0.9184826472962067,0.9216211168523937,0.003138469556187018,0.9632321788622036,0.9516450522912242,-0.011587126570979378,0.9346494704229411,0.9301727433874387,-0.0044767270355023925,0.9184826472962067,0.9216211168523937,0.003138469556187018,0.8649712528619347,0.8159870255561589,-0.048984227305775785,0.9387880988604506,0.9344796375103521,-0.004308461350098436,False,23085,22953
BRATS_149.nii.gz,0.8163077435339973,0.8249361209537389,0.00862837741974165,0.4383020148086964,0.40477365239916124,-0.03352836240953516,0.18518518518518517,0.1476510067114094,-0.03753417847377577,0.9167907553579354,0.920434326198592,0.0036435708406565848,0.5083403401231387,0.4586158522328735,-0.04972448789026518,0.18518518518518517,0.1476510067114094,-0.03753417847377577,0.47993164784262626,0.4591202600214365,-0.020811387821189742,0.5367720935554198,0.508900395047625,-0.027871698507794807,False,2525,1343
BRATS_396.nii.gz,0.90492842156345,0.9176409200524616,0.01271249848901157,0.9170846679156343,0.9419553413281454,0.024870673412511146,0.9048450010264832,0.9207759890305216,0.01593098800403836,0.9507889230305201,0.9532505715570931,0.002461648526573046,0.9417723626876856,0.9566654475013885,0.014893084813702884,0.9048450010264832,0.9207759890305216,0.01593098800403836,0.9089526968351892,0.9267907501370428,0.017838053301853618,0.9324687622482296,0.9435640026963344,0.011095240448104837,False,19093,19507
BRATS_117.nii.gz,0.5722867365749449,0.6460086782836284,0.07372194170868351,0.5763431129156527,0.6313891822196811,0.055046069304028444,0.5851175567585036,0.640155876361704,0.05503831960320038,0.8830381853372646,0.9089909823833058,0.025952797046041143,0.6133530398203678,0.6615871347718042,0.04823409495143638,0.5851175567585036,0.640155876361704,0.05503831960320038,0.5779158020830337,0.6391845789550046,0.061268776871970854,0.6938362606387121,0.7369113311722714,0.0430750705335593,False,7927,6841
BRATS_339.nii.gz,0.8156751985878199,0.8092504023651078,-0.006424796222712081,0.7592685370741483,0.7831321674743401,0.023863630400191793,0.8771035063451014,0.8747457484323661,-0.002357757912735292,0.9306559491316997,0.9248762977093622,-0.005779651422337495,0.9439041982775851,0.9438053477774911,-9.885050009394991e-05,0.8771035063451014,0.8747457484323661,-0.002357757912735292,0.8173490806690232,0.8223761060906046,0.005027025421581399,0.9172212179181288,0.9144757979730732,-0.002745419945055616,False,43027,42979
BRATS_024.nii.gz,0.7510464557743772,0.5501027567146198,-0.2009436990597574,0.23938960419647115,0.11003538759431128,-0.12935421660215987,nan,nan,nan,0.8340654952076677,0.7917265076574098,-0.04233898755025789,0.6159052453468697,0.3620355501412038,-0.25386969520566594,nan,nan,nan,0.4952180299854242,0.33006907215446557,-0.16514895783095862,0.7249853702772687,0.5768810288993068,-0.1481043413779619,True,3432,3082
BRATS_036.nii.gz,0.7574833217961494,0.7990191535922787,0.0415358317961293,0.7946351878665914,0.8008464387053336,0.006211250838742188,0.8392487324144826,0.5849166755121536,-0.25433205690232896,0.9374374893654107,0.8859590339392593,-0.05147845542615137,0.8326027397260274,0.7628582776196465,-0.06974446210638086,0.8392487324144826,0.5849166755121536,-0.25433205690232896,0.7971224140257411,0.7282607559365886,-0.06886165808915257,0.8697629871686402,0.7445779956903532,-0.125184991478287,False,15290,24968
BRATS_361.nii.gz,0.9007138754410438,0.8935352780437676,-0.00717859739727611,0.7457423842648117,0.7764443204018978,0.03070193613708616,0.90991726624247,0.9085673582589455,-0.0013499079835245231,0.9445111864250649,0.93938978088834,-0.00512140553672491,0.9415375718686403,0.9537248528507424,0.012187280982102089,0.90991726624247,0.9085673582589455,-0.0013499079835245231,0.8521245086494419,0.8595156522348703,0.007391143585428361,0.9319886748453917,0.933893997332676,0.0019053224872842556,False,34198,35274
BRATS_099.nii.gz,0.8060402730798641,0.8057754081531278,-0.0002648649267363856,0.6276004304160688,0.6295009405776253,0.0019005101615564568,0.761963611397185,0.8243151969981238,0.062351585600938786,0.9469392948730497,0.9375880092603642,-0.0093512856126855,0.703293731938553,0.7162878140488805,0.012994082110327487,0.761963611397185,0.8243151969981238,0.062351585600938786,0.7318681049643727,0.7531971819096257,0.02132907694525299,0.8040655460695959,0.8260636734357895,0.021998127366193554,False,8501,7261
BRATS_296.nii.gz,0.8187055782898988,0.7204389438122037,-0.09826663447769501,0.8957264957264958,0.7330095072030556,-0.1627169885234402,0.81419813819723,0.7952609571008208,-0.018937181096409184,0.8728447377561653,0.8189900426742532,-0.053854695081912096,0.9196752567808598,0.8183562606416043,-0.10131899613925555,0.81419813819723,0.7952609571008208,-0.018937181096409184,0.8428767374045415,0.74956980270536,-0.0933069346991815,0.8689060442447517,0.8108690868055595,-0.05803695743919224,False,6664,6365
BRATS_186.nii.gz,0.6822163332187,0.7516331442324222,0.06941681101372221,0.38732673267326734,0.57614934199084,0.18882260931757266,0.16412213740458015,0.046052631578947366,-0.11806950582563278,0.8170080853919658,0.8470407841132875,0.03003269872132175,0.40748345881816106,0.5629221916437328,0.15543873282557175,0.16412213740458015,0.046052631578947366,-0.11806950582563278,0.41122173443218246,0.45794503926740315,0.04672330483522069,0.46287122720490226,0.4853385357786559,0.02246730857375362,False,378,2590
BRATS_317.nii.gz,0.6806961127399981,0.7685465290994691,0.087850416359471,0.8359512809743805,0.8794489092996556,0.04349762832527504,0.8025954343089893,0.8132848484848485,0.010689414175859224,0.8148610428755427,0.8578577126695192,0.04299666979397643,0.9105666434477119,0.9186751576830494,0.008108514235337538,0.8025954343089893,0.8132848484848485,0.010689414175859224,0.773080942674456,0.8204267622946576,0.04734581962020157,0.8426743735440813,0.8632725729458057,0.02059819940172447,False,10177,9688
BRATS_322.nii.gz,0.31935570952938,0.3058491895701198,-0.013506519959260221,0.6217055639364628,0.7357993015465755,0.11409373761011266,0.5171254915981409,0.5568637944875569,0.03973830288941593,0.7841196293176074,0.7660353334394397,-0.018084295878167622,0.7084026292864497,0.8265295558852962,0.1181269265988465,0.5171254915981409,0.5568637944875569,0.03973830288941593,0.4860622550213279,0.5328374285347507,0.04677517351342281,0.6698825834007326,0.7164762279374309,0.04659364453669834,False,4704,5667
BRATS_151.nii.gz,0.8214160040662399,0.8584666574428093,0.03705065337656932,0.3053435114503817,0.41204827288141227,0.10670476143103058,0.5320785033857455,0.4954314720812183,-0.03664703130452718,0.8934996462094315,0.9106019375530667,0.01710229134363528,0.4509551462280264,0.524747119597555,0.07379197336952864,0.5320785033857455,0.4954314720812183,-0.03664703130452718,0.552946006300789,0.5886488008018133,0.035702794501024204,0.6255110986077345,0.6435935097439467,0.01808241113621223,False,4283,2465
BRATS_283.nii.gz,0.7522449607919055,0.7593990283542386,0.007154067562333055,0.7487258406142441,0.6630317654751927,-0.08569407513905136,0.8469343602613474,0.8383694814846963,-0.00856487877665113,0.9207556169726219,0.9353335374357927,0.014577920463170857,0.8737881373413093,0.8410612521420316,-0.03272688519927769,0.8469343602613474,0.8383694814846963,-0.00856487877665113,0.7826350538891657,0.7536000917713759,-0.029034962117789775,0.8804927048584262,0.8715880903541735,-0.008904614504252728,False,49065,48788
BRATS_041.nii.gz,0.8295643266231045,0.8427331781571694,0.013168851534064885,0.7419927993640997,0.7720438757650537,0.030051076400954058,0.78279717088752,0.7066157671698245,-0.07618140371769544,0.9005122356480617,0.9075907185683865,0.007078482920324758,0.8065017971138887,0.8118466898954704,0.005344892781581678,0.78279717088752,0.7066157671698245,-0.07618140371769544,0.7847847656249081,0.7737976070306827,-0.010987158594225388,0.8299370678831569,0.8086843918778938,-0.02125267600526315,False,13938,16193
BRATS_194.nii.gz,0.8001276617853352,0.7911922914328198,-0.00893537035251546,0.587132407822063,0.5990555010052836,0.011923093183220601,0.6563218390804598,0.5503110135382364,-0.10601082554222341,0.8946612851982161,0.9154757669467174,0.020814481748501312,0.6096211153682418,0.6345397411387259,0.024918625770484093,0.6563218390804598,0.5503110135382364,-0.10601082554222341,0.6811939695626194,0.6468529353254465,-0.03434103423717283,0.7202014132156392,0.7001088405412266,-0.020092572674412668,False,934,1927
BRATS_064.nii.gz,0.8110803596285803,0.8354619659470167,0.024381606318436444,0.7225509003272452,0.7116422392892338,-0.010908661038011469,0.9411986751741269,0.9351687764989083,-0.006029898675218637,0.9512954676570792,0.9617862604350333,0.010490792777954172,0.9392215873184226,0.9513233421149049,0.012101754796482234,0.9411986751741269,0.9351687764989083,-0.006029898675218637,0.8249433117099841,0.827424327245053,0.0024810155350688534,0.9439052433832096,0.9494261263496155,0.00552088296640596,False,79430,80519
BRATS_275.nii.gz,0.7834406883257323,0.7265339585191152,-0.05690672980661715,0.914351101363593,0.9055724916213811,-0.008778609742211896,0.8742580468737433,0.8761162475150673,0.001858200641324026,0.8846401558939129,0.8506818885236653,-0.03395826737024754,0.9510130713251078,0.954774301820216,0.0037612304951082365,0.8742580468737433,0.8761162475150673,0.001858200641324026,0.8573499455210228,0.8360742325518545,-0.021275712969168303,0.9033037580309213,0.8938574792863162,-0.00944627874460513,False,30682,31897
BRATS_236.nii.gz,0.8463501314399808,0.8089653874693337,-0.03738474397064717,0.4058293991730933,0.3988838441165342,-0.006945555056559083,0.7506871197350184,0.7823211509513116,0.03163403121629316,0.9023819866351687,0.885873263241072,-0.016508723394096703,0.7751982470784641,0.7532091147311347,-0.021989132347329354,0.7506871197350184,0.7823211509513116,0.03163403121629316,0.6676222167826976,0.6633901275123931,-0.0042320892703044954,0.8094224511495504,0.8071345096411727,-0.0022879415083776333,False,23547,21501
BRATS_374.nii.gz,0.8229571407385436,0.7941813595108174,-0.028775781227726283,0.5625145518044238,0.5746418846927903,0.012127332888366538,0.802462454336355,0.7796563762064481,-0.02280607812990687,0.8633069756172772,0.8450319811654895,-0.018274994451787707,0.8141365736779052,0.8040423317140875,-0.010094241963817696,0.802462454336355,0.7796563762064481,-0.02280607812990687,0.7293113822931074,0.7161598734700186,-0.013151508823088798,0.8266353345438459,0.8095768963620085,-0.017058438181837388,False,8094,7921
BRATS_023.nii.gz,0.8360147505139837,0.734007548630601,-0.10200720188338264,0.6197679071628651,0.4572715079517149,-0.16249639921115022,nan,nan,nan,0.8866955070944499,0.8509359992834455,-0.03575950781100434,0.6104299239484712,0.45149694934493684,-0.15893297460353434,nan,nan,nan,0.7278913288384243,0.595639528291158,-0.13225180054726637,0.7485627155214605,0.6512164743141912,-0.09734624120726931,True,391,267
BRATS_414.nii.gz,0.5823662776051726,0.6206191520410791,0.038252874435906525,0.2660640301318267,0.272633532687152,0.006569502555325291,0.8364485616315308,0.8352881487450383,-0.00116041288649249,0.8481914151139889,0.871664648200961,0.023473233086972134,0.877970202552773,0.8577406403170299,-0.020229562235743126,0.8364485616315308,0.8352881487450383,-0.00116041288649249,0.56162628978951,0.5761802778244232,0.014553988034913146,0.8542033930994309,0.8548978124210098,0.0006944193215788763,False,58893,64894
BRATS_136.nii.gz,0.6759330815364688,0.8046170149795213,0.1286839334430525,0.7434791538303553,0.7124933733875243,-0.030985780442831068,0.7347010654222066,0.8440732510918704,0.10937218566966378,0.723577461401123,0.8415510356167935,0.11797357421567045,0.8173302107728337,0.9033671833244254,0.0860369725515917,0.7347010654222066,0.8440732510918704,0.10937218566966378,0.7180377669296769,0.7870612131529721,0.06902344622329515,0.7585362458653878,0.8629971566776965,0.10446091081230868,False,4301,5995
BRATS_310.nii.gz,0.7839378238341969,0.7730569315742898,-0.010880892259907071,0.0872121794311996,0.2815612819402339,0.19434910250903428,0.6196409205928425,0.6698778868435441,0.05023696625070162,0.9002218968406116,0.8856099686365926,-0.01461192820401902,0.7684316000421897,0.788071823864315,0.01964022382212527,0.6196409205928425,0.6698778868435441,0.05023696625070162,0.4969303079527463,0.5748320334526893,0.07790172549994301,0.7627648058252147,0.7811865597814839,0.018421753956269216,False,28464,25376
BRATS_177.nii.gz,0.7205983493810179,0.6747157425858633,-0.045882606795154546,0.0,0.13981042654028436,0.13981042654028436,nan,nan,nan,0.7218990590248076,0.7192838493099589,-0.002615209714848632,0.0,0.13640098603122433,0.13640098603122433,nan,nan,nan,0.3602991746905089,0.4072630845630738,0.04696390987256488,0.3609495295124038,0.4278424176705916,0.06689288815818784,True,13,373
BRATS_184.nii.gz,0.6343608124253286,0.6087642508143323,-0.025596561610996327,0.30267162664863034,0.46142724362284415,0.1587556169742138,0.251984126984127,0.23562544003754987,-0.016358686946577106,0.8029111655633984,0.8182699489852677,0.01535878342186936,0.32720473667809286,0.5056926397765269,0.17848790309843404,0.251984126984127,0.23562544003754987,-0.016358686946577106,0.39633885535269525,0.43527231149157547,0.03893345613888022,0.46070000974187275,0.5198626762664482,0.05916266652457547,False,350,3603
BRATS_050.nii.gz,0.73778071334214,0.7653722451954307,0.027591531853290663,0.36166485945449994,0.39826839826839827,0.03660353881389833,0.8814131928538709,0.9013630528012238,0.019949859947352877,0.9076507145114286,0.9222816613572159,0.014630946845787252,0.8772680065978373,0.9076844924725224,0.03041648587468504,0.8814131928538709,0.9013630528012238,0.019949859947352877,0.6602862552168369,0.6883345654216843,0.028048310204847327,0.8887773046543789,0.9104430688769872,0.021665764222608352,False,31581,34943
BRATS_195.nii.gz,0.8628630358758087,0.8685837567774718,0.00572072090166309,0.35329370257599924,0.33130007283321194,-0.02199362974278729,0.8573820586880991,0.8737595996203297,0.01637754093223054,0.9138257445530847,0.9313587700706342,0.017533025517549428,0.6615522655899506,0.6550746467018119,-0.006477618888138692,0.8573820586880991,0.8737595996203297,0.01637754093223054,0.6911795990466357,0.6912144764103378,3.4877363702112696e-05,0.8109200229437116,0.820064338797592,0.009144315853880425,False,12785,12074
BRATS_465.nii.gz,0.8130044253603821,0.8224136952768479,0.009409269916465846,0.7959681963313091,0.7897746683897033,-0.00619352794160577,0.8455704870324403,0.8722858548239758,0.026715367791535494,0.9275194355855209,0.9399558998134223,0.012436464227901456,0.9226781786815146,0.9114747237357844,-0.011203454945730162,0.8455704870324403,0.8722858548239758,0.026715367791535494,0.8181810362413771,0.8281580728301757,0.009977036588798671,0.8985893670998252,0.9079054927910608,0.009316125691235633,False,32156,30665
BRATS_475.nii.gz,0.8716994148151672,0.853832646831974,-0.0178667679831932,0.9077961089639812,0.9213989943803609,0.013602885416379662,0.8899991928323513,0.8755976469606576,-0.014401545871693733,0.9629308378227288,0.9522986603318015,-0.010632177490927264,0.9446112909586524,0.948109298052509,0.0034980070938566143,0.8899991928323513,0.8755976469606576,-0.014401545871693733,0.8898315722038332,0.8836097627243308,-0.00622180947950246,0.9325137738712441,0.925335201781656,-0.007178572089588164,False,58798,54753
BRATS_173.nii.gz,0.9214430373112817,0.9303707750690312,0.008927737757749465,0.7527357888013626,0.742960090862805,-0.009775697938557593,0.9578176139289927,0.9471975907645976,-0.010620023164395032,0.956098367478414,0.9595249792950491,0.003426611816635061,0.9268607486017496,0.9413502455951139,0.014489496993364326,0.9578176139289927,0.9471975907645976,-0.010620023164395032,0.8773321466805456,0.8735094855654779,-0.0038226611150676826,0.9469255766697188,0.9493576052182536,0.002432028548534859,False,29518,29097
BRATS_391.nii.gz,0.8614892718534457,0.831231747458074,-0.03025752439537166,0.5753199268738574,0.48811233445029517,-0.08720759242356219,0.8991927070794614,0.8824999188759451,-0.016692788203516273,0.9438522335774876,0.9259420790593086,-0.01791015451817901,0.9246522041858369,0.9192374069679646,-0.0054147972178723025,0.8991927070794614,0.8824999188759451,-0.016692788203516273,0.7786673019355881,0.7339480002614381,-0.04471930167414995,0.9225657149475953,0.9092264683010728,-0.013339246646522529,False,28775,28102
BRATS_111.nii.gz,0.9204703863888194,0.9319949219915228,0.01152453560270339,0.778144602178937,0.7577924559200829,-0.020352146258854065,0.9144741013123693,0.8844580447737156,-0.03001605653865369,0.9545317897734764,0.9607627315711961,0.006230941797719658,0.9433628318584071,0.9380925370715502,-0.005270294786856922,0.9144741013123693,0.8844580447737156,-0.03001605653865369,0.8710296966267085,0.8580818075617738,-0.012947889064934714,0.9374562409814176,0.9277711044721539,-0.009685136509263614,False,15258,14757
BRATS_080.nii.gz,0.7654519654168557,0.7726722564703964,0.007220291053540717,0.8008725264033395,0.8598831992232896,0.059010672819950094,0.84110519552047,0.8443488557550567,0.003243660234586665,0.9182707478699905,0.8928825185907141,-0.02538822927927642,0.8748636986365204,0.9102231163130944,0.03535941767657402,0.84110519552047,0.8443488557550567,0.003243660234586665,0.8024765624468883,0.8256347704829142,0.023158208036025973,0.8780798806756603,0.8824848302196218,0.004404949543961423,False,22872,20677
BRATS_449.nii.gz,0.8329343403274461,0.7958297132927888,-0.03710462703465722,0.7914783086490672,0.7253238460135012,-0.06615446263556601,0.8759127044407312,0.8397050736297533,-0.03620763081097789,0.9456754850990292,0.9270670036578473,-0.01860848144118188,0.9291993313350242,0.9082102476732234,-0.020989083661800745,0.8759127044407312,0.8397050736297533,-0.03620763081097789,0.8334417844724148,0.7869528776453478,-0.04648890682706697,0.9169291736249282,0.8916607749869413,-0.02526839863798691,False,44681,44130
BRATS_175.nii.gz,0.7357180993059264,0.7652055725450221,0.02948747323909573,0.12256267409470752,0.18449197860962566,0.06192930451491814,nan,nan,nan,0.7497134123041651,0.7750274672009306,0.025314054896765525,0.12256267409470752,0.1820580474934037,0.05949537339869619,nan,nan,nan,0.42914038670031696,0.47484877557732386,0.0457083888770069,0.43613804319943633,0.47854275734716717,0.04240471414773084,True,0,10
BRATS_468.nii.gz,0.8210095662114193,0.8357269996138742,0.014717433402454905,0.3604286892003298,0.44047842695221995,0.08004973775189017,0.8523616304664916,0.8449793604217437,-0.007382270044747896,0.8987650689007308,0.924023502457411,0.025258433556680226,0.8803900716335253,0.8771692504850221,-0.0032208211485031946,0.8523616304664916,0.8449793604217437,-0.007382270044747896,0.6779332952927469,0.7070615956626126,0.02912830036986569,0.8771722570002493,0.8820573711213923,0.004885114121143008,False,20431,22938
BRATS_358.nii.gz,0.40791554036823585,0.3879503418816096,-0.019965198486626257,0.7840258107129702,0.8009928420102543,0.016967031297284163,0.7247878768903222,0.7396352602408892,0.014847383350567012,0.8014754798288205,0.7825635311115938,-0.01891194871722668,0.8543178710423898,0.8679666124060541,0.01364874136366434,0.7247878768903222,0.7396352602408892,0.014847383350567012,0.638909742657176,0.6428594813775844,0.00394973872040838,0.7935270759205109,0.7967218012528456,0.00319472533233478,False,28568,29284
BRATS_082.nii.gz,0.48819606078979794,0.5690941385435169,0.08089807775371893,0.04833068362480127,0.02074674776144619,-0.027583935863355082,0.8509682932835064,0.8436957827706356,-0.007272510512870811,0.9314688571791506,0.9453908580148436,0.01392200083569295,0.9488498646013165,0.969251483148904,0.020401618547587486,0.8509682932835064,0.8436957827706356,-0.007272510512870811,0.46249834589936856,0.4778455563585329,0.015347210459164318,0.9104290050213245,0.9194460413114611,0.009017036290136615,False,90391,91349
BRATS_413.nii.gz,0.7948507976022798,0.7033524447791937,-0.09149835282308616,0.2874418604651163,0.13314390095392734,-0.15429795951118894,0.8469677419354839,0.8267726631619439,-0.020195078773539987,0.8331407311367288,0.7792448221333711,-0.05389590900335772,0.8878787878787879,0.7323589501807324,-0.15551983769805555,0.8469677419354839,0.8267726631619439,-0.020195078773539987,0.64308680000096,0.5544230029650216,-0.08866379703593841,0.8559957536503336,0.7794588118253492,-0.0765369418249845,False,3311,3360
BRATS_389.nii.gz,0.892684678932035,0.8844917977338068,-0.008192881198228141,0.8343125734430082,0.8391866913123844,0.004874117869376193,0.9285103654627057,0.9401313664261871,0.011621000963481398,0.9418810650731114,0.9310616056023546,-0.010819459470756798,0.9319072245729509,0.9400554535869098,0.008148229013958841,0.9285103654627057,0.9401313664261871,0.011621000963481398,0.8851692059459163,0.8879366184907928,0.0027674125448764464,0.9340995517029227,0.9370828085384839,0.002983256835561221,False,9722,9580
BRATS_004.nii.gz,0.5880650483980553,0.6078733112642033,0.019808262866148008,0.5893491124260355,0.6567047763706152,0.0673556639445797,0.8356833642547928,0.8098434004474273,-0.02583996380736553,0.9414731686012905,0.943426923156737,0.001953754555446552,0.704691399101647,0.7525914457131798,0.0479000466115328,0.8356833642547928,0.8098434004474273,-0.02583996380736553,0.6710325083596279,0.6914738293607486,0.020441321001120727,0.8272826439859101,0.8352872564391148,0.008004612453204718,False,14524,13921
BRATS_446.nii.gz,0.935228305422843,0.9411900300407483,0.00596172461790534,0.6761826564769785,0.604664168670656,-0.07151848780632253,0.8762182791284647,0.8695998163593236,-0.006618462769141131,0.9604290719301029,0.9625376922945876,0.002108620364484781,0.9345604274405039,0.9474443082690506,0.012883880828546634,0.8762182791284647,0.8695998163593236,-0.006618462769141131,0.8292097470094287,0.8051513383569092,-0.024058408652519514,0.9237359261663572,0.926527272307654,0.0027913461412967244,False,29521,29097
BRATS_415.nii.gz,0.9049538288862813,0.8126815647302653,-0.09227226415601597,0.4660771837038261,0.27029997710098463,-0.19577720660284148,0.866447431435778,0.9131122604198357,0.04666482898405777,0.9482326055096009,0.9522061850819306,0.0039735795723296885,0.8127677214315324,0.7067361301526369,-0.1060315912788955,0.866447431435778,0.9131122604198357,0.04666482898405777,0.7458261480086286,0.6653646007503619,-0.08046154725826671,0.8758159194589705,0.8573515252181344,-0.018464394240836124,False,13695,15244
BRATS_143.nii.gz,0.5956390638140756,0.713066926502079,0.11742786268800343,0.7395695750135964,0.8909032797698789,0.1513337047562825,0.43806921675774135,0.5876723895299747,0.14960317277223334,0.9370599978984975,0.95572012877459,0.01866013087609253,0.7388660565596687,0.8964317490671022,0.15756569250743346,0.43806921675774135,0.5876723895299747,0.14960317277223334,0.5910926185284712,0.7305475319339777,0.13945491340550653,0.7046650904053026,0.8132747557905556,0.10860966538525307,False,766,2123
BRATS_302.nii.gz,0.7690551339735411,0.4836253043357079,-0.2854298296378332,0.12912280701754386,0.1812227074235808,0.05209990040603693,0.8633387888707038,0.78046875,-0.08287003887070377,0.7816250446861753,0.4994779337334513,-0.28214711095272405,0.6399586456448695,0.6858457997698504,0.0458871541249809,0.8633387888707038,0.78046875,-0.08287003887070377,0.5871722432872629,0.48177225391976286,-0.10539998936750006,0.7616408264005828,0.6552641611677672,-0.10637666523281564,False,1233,1349
BRATS_230.nii.gz,0.6794666960498044,0.6864063137841884,0.006939617734384007,0.6107784431137725,0.7155200295707619,0.10474158645698939,0.8311688311688312,0.8430232558139535,0.011854424645122319,0.8219877535552585,0.8803378056255534,0.05835005207029487,0.6216118539934947,0.7224268886160004,0.10081503462250563,0.8311688311688312,0.8430232558139535,0.011854424645122319,0.7071379901108026,0.7483165330563013,0.04117854294549872,0.7582561462391949,0.8152626500185024,0.057006503779307494,False,151,187
BRATS_113.nii.gz,0.9267377254852347,0.9302981064012158,0.0035603809159810984,0.677707765667575,0.662016591687647,-0.01569117397992792,0.9322866868091941,0.9280210486750611,-0.004265638134133054,0.9653279962741285,0.9670589995511446,0.001731003277016141,0.9572909834785596,0.9707230824575772,0.013432098979017648,0.9322866868091941,0.9280210486750611,-0.004265638134133054,0.8455773926540013,0.8401119155879746,-0.005465477066026736,0.951635222187294,0.9552677102279277,0.0036324880406336524,False,50218,52050
BRATS_215.nii.gz,0.8051037993175152,0.8240625477734828,0.018958748455967567,0.568660800118317,0.5861141403126136,0.017453340194296563,0.8072612253317747,0.8259251742101347,0.01866394887835998,0.8461970662217881,0.8672760877166692,0.021079021494881056,0.8288320387657664,0.8485421923184749,0.019710153552708554,0.8072612253317747,0.8259251742101347,0.01866394887835998,0.7270086082558689,0.745367287432077,0.018358679176208148,0.8274301101064431,0.8472478180817595,0.019817707975316456,False,7427,7665
BRATS_471.nii.gz,0.9072591624462234,0.9116799134736594,0.0044207510274359985,0.8251949944951852,0.8005744461232367,-0.024620548371948492,0.8670588661649412,0.866385269468404,-0.0006735966965372153,0.9612565289648622,0.9624794180381894,0.001222889073327127,0.9143206355673253,0.9171232046950506,0.002802569127725252,0.8670588661649412,0.866385269468404,-0.0006735966965372153,0.8665043410354499,0.8595465430217667,-0.006957798013683236,0.9142120102323763,0.9153292974005479,0.0011172871681716101,False,38250,37204
BRATS_360.nii.gz,0.8663528180986008,0.8008771156990006,-0.06547570239960021,0.812522438428951,0.796482921880284,-0.016039516548666977,0.7539912917271407,0.7525345059240259,-0.0014567858031148129,0.9157223853976617,0.8698091694671147,-0.04591321593054698,0.8636706824672553,0.8725568856510157,0.008886203183760433,0.7539912917271407,0.7525345059240259,-0.0014567858031148129,0.8109555160848975,0.7832981811677703,-0.027657334917127185,0.8444614531973526,0.8316335203473856,-0.012827932849966972,False,7871,7709
BRATS_333.nii.gz,0.8510620375959905,0.7630827525543,-0.0879792850416905,0.8220029523735529,0.6397399024634238,-0.1822630499101291,0.8655319470128694,0.85569699092997,-0.009834956082899415,0.9119793126520132,0.8759279447645746,-0.03605136788743857,0.9035765088396668,0.835208598229494,-0.06836791061017278,0.8655319470128694,0.85569699092997,-0.009834956082899415,0.8461989789941375,0.7528398819825646,-0.09335909701157297,0.8936959228348497,0.8556111779746796,-0.038084744860170106,False,13671,12863
BRATS_367.nii.gz,0.8071844247240106,0.8450783588659976,0.03789393414198694,0.8192045861698316,0.8026797430761793,-0.01652484309365232,0.8022113022113022,0.8067581837381204,0.004546881526818147,0.9023165207594996,0.9156610645486858,0.013344543789186147,0.9369084231584605,0.9362160274690101,-0.0006923956894503425,0.8022113022113022,0.8067581837381204,0.004546881526818147,0.8095334377017149,0.8181720952267657,0.008638657525050775,0.8804787487097542,0.8862117585852721,0.005733009875517947,False,10076,10427
BRATS_102.nii.gz,0.7654568285099258,0.8440557867506467,0.07859895824072094,0.35379061371841153,0.44959940376374136,0.09580879004532983,0.8956481998679734,0.7589550679205852,-0.1366931319473882,0.8595206599518785,0.8942875778687362,0.03476691791685771,0.8126824911545464,0.8182001788857151,0.0055176877311686745,0.8956481998679734,0.7589550679205852,-0.1366931319473882,0.6716318806987703,0.6842034194783245,0.012571538779554192,0.8559504503247993,0.8238142748916788,-0.03213617543312053,False,9820,14052
BRATS_288.nii.gz,0.823157110945644,0.8362470862470862,0.01308997530144218,0.13618677042801555,0.25650557620817843,0.12031880578016288,0.9288405190456258,0.8928450704225352,-0.035995448623090565,0.9263670411985019,0.9179299915163587,-0.008437049682143205,0.9079743008314437,0.9345794392523364,0.026605138420892738,0.9288405190456258,0.8928450704225352,-0.035995448623090565,0.6293948001397618,0.6618659109592666,0.03247111081950482,0.9210606203585238,0.9151181670637435,-0.00594245329478027,False,4878,4197
BRATS_014.nii.gz,0.5986587410455724,0.5687132043734231,-0.029945536672149276,0.8371392906968206,0.8250425505781614,-0.012096740118659133,0.7641335526696481,0.738564138152828,-0.025569414516820155,0.921480849854331,0.9172699444116765,-0.004210905442654456,0.9067644385294207,0.9167101029115925,0.009945664382171815,0.7641335526696481,0.738564138152828,-0.025569414516820155,0.733310528137347,0.7107732977014708,-0.022537230435876188,0.8641262803511333,0.8575147284920323,-0.006611551859101006,False,48611,45799
BRATS_309.nii.gz,0.9194104763643001,0.9067042973534267,-0.012706179010873342,0.33852902013002273,0.43264098771783166,0.09411196758780893,0.8477979918480962,0.8363616640451267,-0.011436327802969548,0.943037949572497,0.937964648178425,-0.005073301394072027,0.7912422076934773,0.7888078145227727,-0.0024343931707045963,0.8477979918480962,0.8363616640451267,-0.011436327802969548,0.7019124961141398,0.7252356497054616,0.023323153591321866,0.8606927163713568,0.8543780422487748,-0.00631467412258202,False,11116,9435
BRATS_259.nii.gz,0.7422559090455769,0.7958279351846637,0.05357202613908674,0.31218811432027826,0.3547270306258322,0.04253891630555395,0.0,0.23076923076923078,0.23076923076923078,0.9377761646256786,0.9436137409548011,0.005837576329122518,0.3120229728708532,0.3550274871431105,0.04300451427225732,0.0,0.23076923076923078,0.23076923076923078,0.35148134112195173,0.4604413988599089,0.1089600577379572,0.4165997124988439,0.5098034862890475,0.09320377379020356,False,0,12
BRATS_120.nii.gz,0.7003095975232199,0.7198027411297554,0.019493143606535535,0.6019083081219455,0.6593604024434064,0.05745209432146092,0.7215665236051502,0.6252332089552238,-0.09633331464992634,0.8451551860526438,0.8443964683895083,-0.0007587176631355108,0.6786220241180332,0.7354085603112841,0.056786536193250914,0.7215665236051502,0.6252332089552238,-0.09633331464992634,0.6745948097501051,0.668132117509462,-0.006462692240643109,0.7484479112586091,0.7350127458853387,-0.013435165373270386,False,3408,4528
BRATS_112.nii.gz,0.8385594704312611,0.8660560757200806,0.027496605288819476,0.7122437024018746,0.800490781160013,0.08824707875813842,0.7599812996727443,0.6569863490131292,-0.10299495065961506,0.96961178521866,0.9712865559215575,0.0016747707028975656,0.8291290286606446,0.88346135801864,0.05433232935799537,0.7599812996727443,0.6569863490131292,-0.10299495065961506,0.7702614908352934,0.7745110686310742,0.0042495777957808345,0.8529073711840164,0.8372447543177756,-0.01566261686624082,False,17747,8664
BRATS_048.nii.gz,0.9033470346447445,0.9035625422248587,0.00021550758011412707,0.6237891059234556,0.58767576509512,-0.036113340828335616,0.9469616919267588,0.9307371082062686,-0.016224583720490182,0.9323931925666543,0.9336589973010755,0.001265804734421172,0.9603031539058696,0.9616538326689088,0.0013506787630391814,0.9469616919267588,0.9307371082062686,-0.016224583720490182,0.8246992774983197,0.8073251385087491,-0.01737413898957063,0.9465526794664276,0.942016646058751,-0.0045360334076766096,False,31303,30397
BRATS_016.nii.gz,0.8646027968451901,0.8515441492327237,-0.013058647612466445,0.7509493787560373,0.794234592445328,0.043285213689290725,0.7594088997121984,0.7719507889519568,0.012541889239758408,0.9116614629118798,0.905992226927316,-0.005669235984563814,0.8854708420936152,0.9092843419025993,0.023813499808984173,0.7594088997121984,0.7719507889519568,0.012541889239758408,0.7916536917711419,0.8059098435433363,0.014256151772194414,0.8521804015725646,0.862409119260624,0.010228717688059441,False,15705,16390
BRATS_017.nii.gz,0.8427285379844088,0.8570844258762864,0.014355887891877583,0.822761704846217,0.745108780716857,-0.07765292412935998,0.8264574532287267,0.8389212656017743,0.012463812373047611,0.8993604775101258,0.9113506336281804,0.01199015611805454,0.9182336317276876,0.9235049088152607,0.005271277087573134,0.8264574532287267,0.8389212656017743,0.012463812373047611,0.8306492320197841,0.8137048240649726,-0.016944407954811558,0.88135052082218,0.8912589360150718,0.009908415192891762,False,18238,19196
BRATS_217.nii.gz,0.8950614454912693,0.9091284750697716,0.014067029578502255,0.7604605298225041,0.7663382157123835,0.005877685889879358,0.9297466271799935,0.931201900126908,0.0014552729469144987,0.9384192035282465,0.9491116047274545,0.010692401199208001,0.9287846412318332,0.9345182640818542,0.005733622850020992,0.9297466271799935,0.931201900126908,0.0014552729469144987,0.8617562008312557,0.868889530303021,0.0071333294717652596,0.9323168239800244,0.9382772563120723,0.005960432332047905,False,43962,44759
BRATS_303.nii.gz,0.8294566019178756,0.8083337217431834,-0.021122880174692216,0.6947754007666018,0.6218389465097308,-0.07293645425687101,0.7766876158611024,0.7207305596542389,-0.05595705620686342,0.8872582146824488,0.890021292640731,0.002763077958282234,0.8486236910393201,0.8324049870670188,-0.016218703972301296,0.7766876158611024,0.7207305596542389,-0.05595705620686342,0.76697320618186,0.7169677426357177,-0.050005463546142326,0.8375231738609571,0.8143856131206629,-0.02313756074029416,False,37567,35170
BRATS_045.nii.gz,0.8355212201854905,0.8382128727202548,0.0026916525347643327,0.48974485347082686,0.5158545740535516,0.02610972058272476,0.9270929038534291,0.9148202855736091,-0.012272618279820069,0.9641714861549247,0.9602767646427806,-0.003894721512144095,0.8695259262877659,0.8755222799178843,0.005996353630118412,0.9270929038534291,0.9148202855736091,-0.012272618279820069,0.7507863258365822,0.7562959107824718,0.005509584945889601,0.9202634387653732,0.916873110044758,-0.0033903287206151766,False,28772,28100
BRATS_280.nii.gz,0.854875274835858,0.8553627737332345,0.00048749889737653707,0.5029967879731116,0.5335458409228901,0.0305490529497785,0.9336103046684686,0.9376459367908705,0.004035632122401878,0.9270305704319725,0.9210911805844327,-0.005939389847539722,0.9056887923394217,0.9251115015542641,0.01942270921484246,0.9336103046684686,0.9376459367908705,0.004035632122401878,0.7638274558258127,0.7755181838156652,0.01169072798985249,0.922109889146621,0.9279495396431892,0.005839650496568205,False,58877,60637
BRATS_457.nii.gz,0.7948416520310464,0.7351367090011647,-0.05970494302988172,0.00024786218862312553,0.0015294771968854283,0.0012816150082623028,0.7601585728444004,0.735309412376495,-0.024849160467905307,0.8672576626687525,0.8537539309371598,-0.013503731731592694,0.3560150109750053,0.2589192676028383,-0.09709574337216703,0.7601585728444004,0.735309412376495,-0.024849160467905307,0.5184160290213566,0.4906585328581817,-0.027757496163174966,0.6611437488293861,0.615994203638831,-0.04514954519055514,False,2836,2551
BRATS_481.nii.gz,0.7800912899393485,0.8133746426593627,0.03328335272001415,0.32949865075983525,0.3045633474267386,-0.02493530333309668,0.8721893142368785,0.7630439794062652,-0.10914533483061328,0.9231428647968067,0.8817950690797176,-0.04134779571708913,0.7807143600958034,0.7199529938020054,-0.060761366293798025,0.8721893142368785,0.7630439794062652,-0.10914533483061328,0.6605930849786875,0.6269939898307889,-0.033599095147898606,0.8586821797098295,0.7882640140959961,-0.0704181656138334,False,18819,23927
BRATS_347.nii.gz,0.9218013723703374,0.9034921258949565,-0.018309246475380903,0.6399809160305343,0.573026585629591,-0.06695433040094334,0.786501054605109,0.7861316335892607,-0.00036942101584824805,0.9443186871608314,0.9387501361891395,-0.0055685509716919546,0.8338101430429129,0.7697357347247938,-0.06407440831811906,0.786501054605109,0.7861316335892607,-0.00036942101584824805,0.7827611143353268,0.7542167817046028,-0.02854433263072398,0.8548766282696177,0.8315391681677314,-0.02333746010188631,False,12260,11634
BRATS_053.nii.gz,0.658448360037282,0.7817225342448347,0.12327417420755271,0.30214937374362144,0.4076777507434442,0.10552837699982276,0.8534662045060658,0.844497956800934,-0.008968247705131827,0.7770378474369342,0.8604626492190376,0.08342480178210343,0.7422113622480146,0.8516254383470762,0.10941407609906151,0.8534662045060658,0.844497956800934,-0.008968247705131827,0.6046879794289898,0.6779660805964043,0.07327810116741451,0.7909051380636716,0.8521953481223492,0.06129021005867763,False,10513,14841
BRATS_378.nii.gz,0.8372949447606294,0.8043092995056431,-0.03298564525498626,0.5618774063435801,0.5428978284086864,-0.018979577934893688,0.823663917876864,0.7870564626470856,-0.036607455229778374,0.9232672422618845,0.8915477637724742,-0.03171947848941026,0.9139755011135857,0.8865680492867262,-0.027407451826859552,0.823663917876864,0.7870564626470856,-0.036607455229778374,0.7409454229936911,0.711421196853805,-0.029524226139886145,0.8869688870841115,0.8550574252354287,-0.031911461848682765,False,23603,26346
BRATS_072.nii.gz,0.7646733418155668,0.8179554141228965,0.05328207230732973,0.7646205577899386,0.8139082557826386,0.04928769799269994,0.7778519012675117,0.8610733423978245,0.08322144113031282,0.8019050956928816,0.8790523189346631,0.07714722324178147,0.8166406858924395,0.9139238339751818,0.0972831480827423,0.7778519012675117,0.8610733423978245,0.08322144113031282,0.7690486002910056,0.8309790041011199,0.061930403810114276,0.7987992276176109,0.8846831651025564,0.0858839374849455,False,9327,13347
BRATS_115.nii.gz,0.656037188691336,0.7964171642827385,0.14037997559140247,0.7930016947462866,0.925448281953891,0.13244658720760438,0.5854304635761589,0.43157894736842106,-0.15385151620773785,0.9257310910446525,0.9435387555237071,0.017807664479054686,0.7948943749072379,0.9283045224375764,0.13341014753033853,0.5854304635761589,0.43157894736842106,-0.15385151620773785,0.6781564490045938,0.7178147978683501,0.0396583488637563,0.7686853098426831,0.7678074084432348,-0.000877901399448322,False,411,986
BRATS_126.nii.gz,0.7420990272205357,0.783284105552628,0.041185078332092284,0.44002315911363754,0.5018347751687423,0.06181161605510477,0.664524765729585,0.7964165733482643,0.13189180761867936,0.8368047381268043,0.8847730610483528,0.04796832292154851,0.5132840679158969,0.5947826086956521,0.08149854077975527,0.664524765729585,0.7964165733482643,0.13189180761867936,0.6155489840212527,0.6938451513565448,0.0782961673352921,0.6715378572574288,0.7586574143640897,0.08711955710666097,False,3394,4854
BRATS_141.nii.gz,0.8583705418664903,0.8633087982389764,0.004938256372486127,0.5827226784586229,0.6244332835618298,0.0417106051032069,0.8439569985883375,0.8397357900225969,-0.004221208565740597,0.898619113946183,0.9124154571639972,0.0137963432178142,0.8846724714605235,0.8820584649703006,-0.00261400649022292,0.8439569985883375,0.8397357900225969,-0.004221208565740597,0.7616834063044836,0.7758259572744678,0.01414255096998418,0.875749527998348,0.8780699040522982,0.0023203760539501905,False,46125,43786
BRATS_380.nii.gz,0.3610435477959551,0.6283277460067048,0.2672841982107497,0.0,0.0,0.0,0.01675977653631285,0.08444444444444445,0.0676846679081316,0.3685643885358579,0.612514272664992,0.24394988412913415,0.007220216606498195,0.0633147113594041,0.056094494752905906,0.01675977653631285,0.08444444444444445,0.0676846679081316,0.1259344414440893,0.2375907301503831,0.1116562887062938,0.13084812722622297,0.2534244761562802,0.12257634893005726,False,252,1694
BRATS_013.nii.gz,0.823157110945644,0.8361983567391178,0.013041245793473766,0.13618677042801555,0.25650557620817843,0.12031880578016288,0.9288405190456258,0.8928450704225352,-0.035995448623090565,0.9263670411985019,0.9178961345529655,-0.008470906645536402,0.9079743008314437,0.9345794392523364,0.026605138420892738,0.9288405190456258,0.8928450704225352,-0.035995448623090565,0.6293948001397618,0.6618496677899438,0.03245486765018202,0.9210606203585238,0.9151068814092791,-0.005953738949244669,False,4878,4197
BRATS_058.nii.gz,0.8582888277731965,0.8854154433927551,0.027126615619558647,0.6641401208644884,0.7050420168067227,0.04090189594223437,0.6740635459171977,0.795354041238212,0.12129049532101421,0.896803880478905,0.913983040815015,0.01717916033611,0.8175242518808815,0.8747667272139142,0.05724247533303273,0.6740635459171977,0.795354041238212,0.12129049532101421,0.7321641648516275,0.79527050047923,0.06310633562760248,0.7961305594256615,0.8613679364223804,0.06523737699671894,False,13477,10435
BRATS_328.nii.gz,0.8349286511245523,0.8197493639875624,-0.015179287136989905,0.8132808398950131,0.8268692328293527,0.013588392934339555,0.7804113252789818,0.7676854848375884,-0.012725840441393466,0.9268375025864979,0.9296626049397093,0.0028251023532114283,0.8648124509033779,0.8828091027685172,0.017996651865139324,0.7804113252789818,0.7676854848375884,-0.012725840441393466,0.8095402720995158,0.8047680272181679,-0.004772244881347976,0.8573537595896191,0.8600523975152717,0.002698637925652614,False,18942,17285
